"","fips","County","State","year","pm25"
"2",36001,"albany county","NY",2014,7.3518655684636
"3",36001,"albany county","NY",2015,7.25131614911484
"4",36001,"albany county","NY",2016,5.6236532447753
"5",36001,"albany county","NY",2003,11.2521793930082
"6",36001,"albany county","NY",2004,10.4096433103985
"7",36001,"albany county","NY",2005,10.9910340773673
"8",36001,"albany county","NY",2006,9.40413609050741
"9",36001,"albany county","NY",2007,9.87250553016337
"10",36001,"albany county","NY",2008,9.1981589049058
"11",36001,"albany county","NY",2009,8.06283974214697
"12",36001,"albany county","NY",2010,7.74154278063823
"13",36001,"albany county","NY",2011,8.81075233580685
"14",36001,"albany county","NY",2012,7.5149729983671
"15",36001,"albany county","NY",2000,11.2285468443603
"16",36001,"albany county","NY",2001,11.2567632221118
"17",36001,"albany county","NY",2002,11.2430960228068
"18",36001,"albany county","NY",2013,7.36813960844721
"19",36003,"allegany county","NY",2008,7.07133727210731
"20",36003,"allegany county","NY",2009,5.70910063934323
"21",36003,"allegany county","NY",2011,5.95067511832545
"22",36003,"allegany county","NY",2000,8.96971875284346
"23",36003,"allegany county","NY",2001,8.73321459554441
"24",36003,"allegany county","NY",2010,5.59795645770516
"25",36003,"allegany county","NY",2003,8.44725555049295
"26",36003,"allegany county","NY",2004,7.81651848104314
"27",36003,"allegany county","NY",2005,8.67446418645269
"28",36003,"allegany county","NY",2002,9.0081359895658
"29",36003,"allegany county","NY",2006,6.78770091804391
"30",36003,"allegany county","NY",2007,7.54255007886709
"31",36003,"allegany county","NY",2012,5.39822079881525
"32",36003,"allegany county","NY",2013,6.11024010696459
"33",36003,"allegany county","NY",2014,6.09318437746185
"34",36003,"allegany county","NY",2015,5.36034781810357
"35",36003,"allegany county","NY",2016,4.48967182782878
"36",36005,"bronx county","NY",2006,13.159146300114
"37",36005,"bronx county","NY",2007,13.6162766883265
"38",36005,"bronx county","NY",2008,12.3286342520496
"39",36005,"bronx county","NY",2005,14.7334765382461
"40",36005,"bronx county","NY",2001,15.5019376450882
"41",36005,"bronx county","NY",2002,14.6545496084195
"42",36005,"bronx county","NY",2003,14.3732571227369
"43",36005,"bronx county","NY",2004,13.2664460512189
"44",36005,"bronx county","NY",2015,9.25840780398959
"45",36005,"bronx county","NY",2016,7.89077357174514
"46",36005,"bronx county","NY",2010,10.5595005009955
"47",36005,"bronx county","NY",2011,11.2184374020769
"48",36005,"bronx county","NY",2000,15.708343392033
"49",36005,"bronx county","NY",2009,11.0826074389033
"50",36005,"bronx county","NY",2014,8.91028736647073
"51",36005,"bronx county","NY",2013,9.02953009749904
"52",36005,"bronx county","NY",2012,9.38946726210229
"53",36007,"broome county","NY",2001,10.3886752857771
"54",36007,"broome county","NY",2002,10.1264231048501
"55",36007,"broome county","NY",2000,10.4654707017788
"56",36007,"broome county","NY",2008,8.2254062840948
"57",36007,"broome county","NY",2009,7.32503004636873
"58",36007,"broome county","NY",2015,7.14710198594458
"59",36007,"broome county","NY",2012,6.94545655501933
"60",36007,"broome county","NY",2013,7.4474557917006
"61",36007,"broome county","NY",2014,6.99193723171899
"62",36007,"broome county","NY",2006,8.88001781959944
"63",36007,"broome county","NY",2003,11.048919068159
"64",36007,"broome county","NY",2004,9.03291806611619
"65",36007,"broome county","NY",2011,7.37829329751562
"66",36007,"broome county","NY",2005,10.2126535163799
"67",36007,"broome county","NY",2007,9.33351340172768
"68",36007,"broome county","NY",2010,7.03976149717231
"69",36007,"broome county","NY",2016,5.6270930168562
"70",36009,"cattaraugus county","NY",2006,7.43551483051601
"71",36009,"cattaraugus county","NY",2007,7.71398028470636
"72",36009,"cattaraugus county","NY",2011,6.10832031386496
"73",36009,"cattaraugus county","NY",2004,7.83625812939339
"74",36009,"cattaraugus county","NY",2005,9.11625408427448
"75",36009,"cattaraugus county","NY",2000,9.23036796730622
"76",36009,"cattaraugus county","NY",2003,8.61896671800726
"77",36009,"cattaraugus county","NY",2013,6.37970128909911
"78",36009,"cattaraugus county","NY",2010,6.02899589187636
"79",36009,"cattaraugus county","NY",2014,6.26733619125876
"80",36009,"cattaraugus county","NY",2015,5.88738089421175
"81",36009,"cattaraugus county","NY",2016,4.74674834349329
"82",36009,"cattaraugus county","NY",2008,7.46074578389546
"83",36009,"cattaraugus county","NY",2009,6.19961178994412
"84",36009,"cattaraugus county","NY",2012,5.56340595261933
"85",36009,"cattaraugus county","NY",2002,9.66378702620077
"86",36009,"cattaraugus county","NY",2001,9.17459374512138
"87",36011,"cayuga county","NY",2006,7.70485668866752
"88",36011,"cayuga county","NY",2003,9.84061070786529
"89",36011,"cayuga county","NY",2004,8.62738175766496
"90",36011,"cayuga county","NY",2009,6.66602334361609
"91",36011,"cayuga county","NY",2010,6.96423987794556
"92",36011,"cayuga county","NY",2013,6.71996766036974
"93",36011,"cayuga county","NY",2014,7.05112595634889
"94",36011,"cayuga county","NY",2012,6.9431765377294
"95",36011,"cayuga county","NY",2002,9.25382612720501
"96",36011,"cayuga county","NY",2016,5.33590739181459
"97",36011,"cayuga county","NY",2001,9.70926370177257
"98",36011,"cayuga county","NY",2007,8.17401696666155
"99",36011,"cayuga county","NY",2008,7.8103650782886
"100",36011,"cayuga county","NY",2000,8.99240832019119
"101",36011,"cayuga county","NY",2011,7.16607475995866
"102",36011,"cayuga county","NY",2015,6.86997545904365
"103",36011,"cayuga county","NY",2005,9.88156388197452
"104",36013,"chautauqua county","NY",2001,10.1603624159673
"105",36013,"chautauqua county","NY",2000,9.92545988616431
"106",36013,"chautauqua county","NY",2003,9.36322057015531
"107",36013,"chautauqua county","NY",2007,8.75179996535602
"108",36013,"chautauqua county","NY",2002,10.4723608239083
"109",36013,"chautauqua county","NY",2006,8.24307436288253
"110",36013,"chautauqua county","NY",2011,6.78216687851301
"111",36013,"chautauqua county","NY",2004,8.9110823436766
"112",36013,"chautauqua county","NY",2005,10.3275923913413
"113",36013,"chautauqua county","NY",2010,6.93820846862629
"114",36013,"chautauqua county","NY",2015,6.51465247981004
"115",36013,"chautauqua county","NY",2016,5.41402833132955
"116",36013,"chautauqua county","NY",2014,6.81736173201595
"117",36013,"chautauqua county","NY",2012,6.06776518386868
"118",36013,"chautauqua county","NY",2013,6.85067653693834
"119",36013,"chautauqua county","NY",2008,8.29658528565381
"120",36013,"chautauqua county","NY",2009,7.0169137548333
"121",36015,"chemung county","NY",2014,7.06993976160787
"122",36015,"chemung county","NY",2004,9.0132723954094
"123",36015,"chemung county","NY",2007,8.91761451967809
"124",36015,"chemung county","NY",2011,7.36601223633156
"125",36015,"chemung county","NY",2005,9.96237468339851
"126",36015,"chemung county","NY",2006,8.51433287005627
"127",36015,"chemung county","NY",2010,7.05283112088462
"128",36015,"chemung county","NY",2016,5.72203383160706
"129",36015,"chemung county","NY",2012,7.05346552771464
"130",36015,"chemung county","NY",2009,7.04098645784362
"131",36015,"chemung county","NY",2008,8.50062652904882
"132",36015,"chemung county","NY",2013,7.53677966861012
"133",36015,"chemung county","NY",2002,10.1380095632734
"134",36015,"chemung county","NY",2003,10.3774343652665
"135",36015,"chemung county","NY",2015,7.11663865681631
"136",36015,"chemung county","NY",2000,10.2230039871719
"137",36015,"chemung county","NY",2001,10.1104155885008
"138",36017,"chenango county","NY",2011,6.10433254540848
"139",36017,"chenango county","NY",2003,9.45198826615959
"140",36017,"chenango county","NY",2015,5.78791870297383
"141",36017,"chenango county","NY",2009,5.91014410868789
"142",36017,"chenango county","NY",2004,7.54293759859026
"143",36017,"chenango county","NY",2014,5.88356208286038
"144",36017,"chenango county","NY",2002,8.10945985707598
"145",36017,"chenango county","NY",2008,7.02183380650448
"146",36017,"chenango county","NY",2000,9.19298469419818
"147",36017,"chenango county","NY",2016,4.3256771025
"148",36017,"chenango county","NY",2013,6.03681231134646
"149",36017,"chenango county","NY",2005,8.18794391818946
"150",36017,"chenango county","NY",2007,7.83366052700858
"151",36017,"chenango county","NY",2012,5.48549501042663
"152",36017,"chenango county","NY",2001,9.13263252966141
"153",36017,"chenango county","NY",2006,7.1924886187764
"154",36017,"chenango county","NY",2010,5.87163519415965
"155",36019,"clinton county","NY",2001,5.91773383646579
"156",36019,"clinton county","NY",2008,5.85278473082306
"157",36019,"clinton county","NY",2006,5.70155231710332
"158",36019,"clinton county","NY",2007,5.76713052862936
"159",36019,"clinton county","NY",2002,6.98834199442057
"160",36019,"clinton county","NY",2000,5.2535511751726
"161",36019,"clinton county","NY",2011,5.8074043806501
"162",36019,"clinton county","NY",2012,5.07578427779394
"163",36019,"clinton county","NY",2010,5.22833931520779
"164",36019,"clinton county","NY",2005,7.81744656642648
"165",36019,"clinton county","NY",2004,6.34868094519548
"166",36019,"clinton county","NY",2016,4.15704063173587
"167",36019,"clinton county","NY",2009,5.13702346546094
"168",36019,"clinton county","NY",2013,5.41980602003773
"169",36019,"clinton county","NY",2014,5.10165602827394
"170",36019,"clinton county","NY",2003,7.57608073815613
"171",36019,"clinton county","NY",2015,5.00847429793064
"172",36021,"columbia county","NY",2002,10.0462877738736
"173",36021,"columbia county","NY",2006,7.81194717164143
"174",36021,"columbia county","NY",2003,10.3322092966864
"175",36021,"columbia county","NY",2001,10.6063209526258
"176",36021,"columbia county","NY",2013,6.31818720485484
"177",36021,"columbia county","NY",2014,6.47043591814336
"178",36021,"columbia county","NY",2008,8.18030884659773
"179",36021,"columbia county","NY",2000,10.6390190769523
"180",36021,"columbia county","NY",2004,9.18742270919275
"181",36021,"columbia county","NY",2005,9.5502492638219
"182",36021,"columbia county","NY",2012,6.09106909556058
"183",36021,"columbia county","NY",2010,6.36726968204243
"184",36021,"columbia county","NY",2007,8.92288209375181
"185",36021,"columbia county","NY",2015,6.20489030224581
"186",36021,"columbia county","NY",2011,7.21727162642125
"187",36021,"columbia county","NY",2009,6.72760508200331
"188",36021,"columbia county","NY",2016,4.55385312930619
"189",36023,"cortland county","NY",2012,5.54764592465298
"190",36023,"cortland county","NY",2011,6.12782007163565
"191",36023,"cortland county","NY",2007,7.59481047828567
"192",36023,"cortland county","NY",2001,9.06714848540898
"193",36023,"cortland county","NY",2000,8.55883001365057
"194",36023,"cortland county","NY",2009,5.87160645295528
"195",36023,"cortland county","NY",2003,9.03028072752181
"196",36023,"cortland county","NY",2010,5.9073963257339
"197",36023,"cortland county","NY",2005,8.10188212707098
"198",36023,"cortland county","NY",2002,8.52389365888933
"199",36023,"cortland county","NY",2006,6.87402976320939
"200",36023,"cortland county","NY",2016,4.38374668197397
"201",36023,"cortland county","NY",2008,6.8987178001452
"202",36023,"cortland county","NY",2015,5.88038223468989
"203",36023,"cortland county","NY",2014,5.77940969895343
"204",36023,"cortland county","NY",2013,6.00814131692157
"205",36023,"cortland county","NY",2004,7.48103559748892
"206",36025,"delaware county","NY",2007,7.88207103995599
"207",36025,"delaware county","NY",2006,6.98327163478132
"208",36025,"delaware county","NY",2005,8.05795697560277
"209",36025,"delaware county","NY",2004,7.33023665539771
"210",36025,"delaware county","NY",2002,8.17676913475335
"211",36025,"delaware county","NY",2016,4.06411560390507
"212",36025,"delaware county","NY",2013,6.01581902306799
"213",36025,"delaware county","NY",2003,9.25624139136266
"214",36025,"delaware county","NY",2014,5.68197142021133
"215",36025,"delaware county","NY",2011,5.73017941580789
"216",36025,"delaware county","NY",2008,6.818551980368
"217",36025,"delaware county","NY",2012,5.40942537084003
"218",36025,"delaware county","NY",2009,5.75237710641753
"219",36025,"delaware county","NY",2015,5.47718061801857
"220",36025,"delaware county","NY",2001,9.39950497676748
"221",36025,"delaware county","NY",2000,9.62088094705929
"222",36025,"delaware county","NY",2010,5.75323420570294
"223",36027,"dutchess county","NY",2009,7.86187838699198
"224",36027,"dutchess county","NY",2012,6.74392623312726
"225",36027,"dutchess county","NY",2011,7.90817026033257
"226",36027,"dutchess county","NY",2005,11.0362642076266
"227",36027,"dutchess county","NY",2007,10.1303495468642
"228",36027,"dutchess county","NY",2010,7.28770088013418
"229",36027,"dutchess county","NY",2003,12.0628444116321
"230",36027,"dutchess county","NY",2015,7.01977043935071
"231",36027,"dutchess county","NY",2016,5.38380477090872
"232",36027,"dutchess county","NY",2014,7.04161844726103
"233",36027,"dutchess county","NY",2008,9.05549077600047
"234",36027,"dutchess county","NY",2006,9.35402267638238
"235",36027,"dutchess county","NY",2002,11.64535452719
"236",36027,"dutchess county","NY",2001,12.785918008002
"237",36027,"dutchess county","NY",2013,7.36939987890223
"238",36027,"dutchess county","NY",2000,12.5899346381064
"239",36027,"dutchess county","NY",2004,10.1845828222966
"240",36029,"erie county","NY",2006,9.52327570007057
"241",36029,"erie county","NY",2015,8.19767240915424
"242",36029,"erie county","NY",2000,10.5520686553855
"243",36029,"erie county","NY",2013,7.96860706830993
"244",36029,"erie county","NY",2014,8.42311417127496
"245",36029,"erie county","NY",2004,9.86519767802871
"246",36029,"erie county","NY",2010,8.43136497285217
"247",36029,"erie county","NY",2016,6.71318025661434
"248",36029,"erie county","NY",2011,8.0853799303534
"249",36029,"erie county","NY",2012,7.54439009460975
"250",36029,"erie county","NY",2003,10.6219429145242
"251",36029,"erie county","NY",2001,11.212090650021
"252",36029,"erie county","NY",2008,9.78116873532265
"253",36029,"erie county","NY",2007,10.2406680008468
"254",36029,"erie county","NY",2009,7.98505654645583
"255",36029,"erie county","NY",2002,11.3609118970143
"256",36029,"erie county","NY",2005,11.4045072765123
"257",36031,"essex county","NY",2016,3.68650686584087
"258",36031,"essex county","NY",2004,6.09856535988668
"259",36031,"essex county","NY",2005,7.03454153244323
"260",36031,"essex county","NY",2013,4.88493548154863
"261",36031,"essex county","NY",2002,6.98120012165391
"262",36031,"essex county","NY",2007,5.96372655728356
"263",36031,"essex county","NY",2006,5.42655995711522
"264",36031,"essex county","NY",2015,4.71073870526584
"265",36031,"essex county","NY",2014,4.69533226081606
"266",36031,"essex county","NY",2012,4.63939350958097
"267",36031,"essex county","NY",2011,5.46801098070854
"268",36031,"essex county","NY",2009,4.96132607488414
"269",36031,"essex county","NY",2003,7.41962651680447
"270",36031,"essex county","NY",2001,6.00092882329004
"271",36031,"essex county","NY",2008,5.52995242784917
"272",36031,"essex county","NY",2000,5.51089994462788
"273",36031,"essex county","NY",2010,4.96967806224657
"274",36033,"franklin county","NY",2009,4.99532108473476
"275",36033,"franklin county","NY",2013,4.99252892802328
"276",36033,"franklin county","NY",2001,5.83137021785332
"277",36033,"franklin county","NY",2002,6.53665944451247
"278",36033,"franklin county","NY",2003,7.16197968826661
"279",36033,"franklin county","NY",2008,5.64107123931617
"280",36033,"franklin county","NY",2012,4.68433385753658
"281",36033,"franklin county","NY",2005,7.45736160214486
"282",36033,"franklin county","NY",2000,5.09046007266784
"283",36033,"franklin county","NY",2011,5.21333602582133
"284",36033,"franklin county","NY",2016,3.81822927329112
"285",36033,"franklin county","NY",2010,5.0662681413436
"286",36033,"franklin county","NY",2007,5.57018535820774
"287",36033,"franklin county","NY",2004,5.87265279104333
"288",36033,"franklin county","NY",2014,4.65903169685826
"289",36033,"franklin county","NY",2015,4.6664858108592
"290",36033,"franklin county","NY",2006,5.58971422054132
"291",36035,"fulton county","NY",2003,8.80311708360276
"292",36035,"fulton county","NY",2006,6.67537907577598
"293",36035,"fulton county","NY",2004,7.55993661514972
"294",36035,"fulton county","NY",2009,5.94134875510991
"295",36035,"fulton county","NY",2008,6.79360493177408
"296",36035,"fulton county","NY",2016,3.99745697298077
"297",36035,"fulton county","NY",2000,8.22583383584555
"298",36035,"fulton county","NY",2001,7.93260187221806
"299",36035,"fulton county","NY",2010,5.69502076567571
"300",36035,"fulton county","NY",2007,7.56345563251882
"301",36035,"fulton county","NY",2015,5.31203874610306
"302",36035,"fulton county","NY",2002,8.28534935940425
"303",36035,"fulton county","NY",2012,5.49086711671053
"304",36035,"fulton county","NY",2011,6.09378616878039
"305",36035,"fulton county","NY",2005,7.91245912211378
"306",36035,"fulton county","NY",2013,5.40067921025735
"307",36035,"fulton county","NY",2014,5.5201691170782
"308",36037,"genesee county","NY",2006,7.96878285699181
"309",36037,"genesee county","NY",2004,8.4604603856998
"310",36037,"genesee county","NY",2002,10.1985027478248
"311",36037,"genesee county","NY",2012,6.40483843229341
"312",36037,"genesee county","NY",2005,9.83878326691756
"313",36037,"genesee county","NY",2016,5.36406319690523
"314",36037,"genesee county","NY",2007,8.32180885415145
"315",36037,"genesee county","NY",2003,9.40572676447833
"316",36037,"genesee county","NY",2001,9.59541168604614
"317",36037,"genesee county","NY",2015,6.9976765693857
"318",36037,"genesee county","NY",2013,6.89542677716365
"319",36037,"genesee county","NY",2000,8.96574005049431
"320",36037,"genesee county","NY",2011,6.80245994185553
"321",36037,"genesee county","NY",2008,7.9913479507922
"322",36037,"genesee county","NY",2009,6.28359344544838
"323",36037,"genesee county","NY",2010,6.57595607622349
"324",36037,"genesee county","NY",2014,7.13081848721788
"325",36039,"greene county","NY",2007,7.87289288837068
"326",36039,"greene county","NY",2000,9.84392759850054
"327",36039,"greene county","NY",2001,9.73896262969036
"328",36039,"greene county","NY",2012,5.38026114985524
"329",36039,"greene county","NY",2014,5.81673728128515
"330",36039,"greene county","NY",2016,4.11266800065912
"331",36039,"greene county","NY",2013,6.09200707530543
"332",36039,"greene county","NY",2011,5.95380767608108
"333",36039,"greene county","NY",2008,7.05041617528663
"334",36039,"greene county","NY",2004,7.79821505807814
"335",36039,"greene county","NY",2005,8.48171681090353
"336",36039,"greene county","NY",2010,5.73049059706231
"337",36039,"greene county","NY",2009,6.03845558759548
"338",36039,"greene county","NY",2006,7.01052222182389
"339",36039,"greene county","NY",2015,5.57873018202917
"340",36039,"greene county","NY",2003,9.29021211516003
"341",36039,"greene county","NY",2002,8.82737532012498
"342",36041,"hamilton county","NY",2008,5.38215121951842
"343",36041,"hamilton county","NY",2012,4.38925572879842
"344",36041,"hamilton county","NY",2013,4.23426763940651
"345",36041,"hamilton county","NY",2002,6.95217517918057
"346",36041,"hamilton county","NY",2000,5.89636627574326
"347",36041,"hamilton county","NY",2016,3.04678044815154
"348",36041,"hamilton county","NY",2015,4.00426138631315
"349",36041,"hamilton county","NY",2014,4.14796908204781
"350",36041,"hamilton county","NY",2006,5.0411921443753
"351",36041,"hamilton county","NY",2009,4.65705845504004
"352",36041,"hamilton county","NY",2007,5.54443338921224
"353",36041,"hamilton county","NY",2003,6.65456661953431
"354",36041,"hamilton county","NY",2011,4.65872909722738
"355",36041,"hamilton county","NY",2010,4.53445783116374
"356",36041,"hamilton county","NY",2001,6.39904665579158
"357",36041,"hamilton county","NY",2004,5.51438839154502
"358",36041,"hamilton county","NY",2005,6.12636203852927
"359",36043,"herkimer county","NY",2001,8.04055992798789
"360",36043,"herkimer county","NY",2009,5.68297160288451
"361",36043,"herkimer county","NY",2008,6.80377710735914
"362",36043,"herkimer county","NY",2004,7.28208375205209
"363",36043,"herkimer county","NY",2014,5.48483766571826
"364",36043,"herkimer county","NY",2007,7.20569993817179
"365",36043,"herkimer county","NY",2005,7.71279926664774
"366",36043,"herkimer county","NY",2003,8.66253134806252
"367",36043,"herkimer county","NY",2002,8.07860848576222
"368",36043,"herkimer county","NY",2000,7.89486917446741
"369",36043,"herkimer county","NY",2006,6.6916952775358
"370",36043,"herkimer county","NY",2010,5.70584992616755
"371",36043,"herkimer county","NY",2016,4.01155643247316
"372",36043,"herkimer county","NY",2015,5.18469984318203
"373",36043,"herkimer county","NY",2013,5.47944360125994
"374",36043,"herkimer county","NY",2012,5.45561170091581
"375",36043,"herkimer county","NY",2011,5.83151405607089
"376",36045,"jefferson county","NY",2003,8.52615408587171
"377",36045,"jefferson county","NY",2007,7.04750906392554
"378",36045,"jefferson county","NY",2009,5.99375228200348
"379",36045,"jefferson county","NY",2001,8.06930122222849
"380",36045,"jefferson county","NY",2004,7.1931864653587
"381",36045,"jefferson county","NY",2008,7.16066258257562
"382",36045,"jefferson county","NY",2006,6.74680450613583
"383",36045,"jefferson county","NY",2005,8.47440180916726
"384",36045,"jefferson county","NY",2000,7.21514135824884
"385",36045,"jefferson county","NY",2014,6.08820968625307
"386",36045,"jefferson county","NY",2011,6.07856581839062
"387",36045,"jefferson county","NY",2016,4.70871747813085
"388",36045,"jefferson county","NY",2002,7.78275948056887
"389",36045,"jefferson county","NY",2010,6.00415330724525
"390",36045,"jefferson county","NY",2013,5.89810767118975
"391",36045,"jefferson county","NY",2015,5.77427334327941
"392",36045,"jefferson county","NY",2012,6.09181161071059
"393",36047,"kings county","NY",2010,10.2851755985816
"394",36047,"kings county","NY",2000,16.0012419073214
"395",36047,"kings county","NY",2005,14.9226663249443
"396",36047,"kings county","NY",2006,13.1210367736604
"397",36047,"kings county","NY",2009,10.5779482737621
"398",36047,"kings county","NY",2011,10.7792731612128
"399",36047,"kings county","NY",2008,12.3060874774141
"400",36047,"kings county","NY",2001,15.4915046674502
"401",36047,"kings county","NY",2015,8.68014141894694
"402",36047,"kings county","NY",2014,8.55984060350484
"403",36047,"kings county","NY",2002,14.7457767531583
"404",36047,"kings county","NY",2012,9.64578332173527
"405",36047,"kings county","NY",2003,14.8386473785498
"406",36047,"kings county","NY",2004,13.4415560226511
"407",36047,"kings county","NY",2013,8.97243733385217
"408",36047,"kings county","NY",2016,7.88410484972798
"409",36047,"kings county","NY",2007,12.9929204656481
"410",36049,"lewis county","NY",2003,7.99786001584036
"411",36049,"lewis county","NY",2011,5.40991570374144
"412",36049,"lewis county","NY",2016,3.96168928849223
"413",36049,"lewis county","NY",2012,5.4423863063614
"414",36049,"lewis county","NY",2004,6.58847391014595
"415",36049,"lewis county","NY",2006,6.08303800491984
"416",36049,"lewis county","NY",2013,5.12737420215331
"417",36049,"lewis county","NY",2005,7.5587680346819
"418",36049,"lewis county","NY",2010,5.47396901948125
"419",36049,"lewis county","NY",2000,6.84572949490752
"420",36049,"lewis county","NY",2014,5.1309699814258
"421",36049,"lewis county","NY",2002,7.68978252030231
"422",36049,"lewis county","NY",2008,6.4089904305519
"423",36049,"lewis county","NY",2009,5.44936310005065
"424",36049,"lewis county","NY",2015,4.92246885393199
"425",36049,"lewis county","NY",2007,6.36630599763844
"426",36049,"lewis county","NY",2001,7.43526342059786
"427",36051,"livingston county","NY",2006,7.69950234901304
"428",36051,"livingston county","NY",2003,9.47082779289225
"429",36051,"livingston county","NY",2002,9.89722980462646
"430",36051,"livingston county","NY",2009,6.45702578544071
"431",36051,"livingston county","NY",2015,6.9655343790119
"432",36051,"livingston county","NY",2014,7.23883777484475
"433",36051,"livingston county","NY",2007,8.15094439792268
"434",36051,"livingston county","NY",2011,6.93893429092126
"435",36051,"livingston county","NY",2016,5.30512058499498
"436",36051,"livingston county","NY",2012,6.56545335473783
"437",36051,"livingston county","NY",2001,9.50298387754789
"438",36051,"livingston county","NY",2005,9.88534994445376
"439",36051,"livingston county","NY",2008,7.972334709416
"440",36051,"livingston county","NY",2004,8.33325674217146
"441",36051,"livingston county","NY",2000,9.01086278956724
"442",36051,"livingston county","NY",2010,6.63281957064417
"443",36051,"livingston county","NY",2013,6.93967177008131
"444",36053,"madison county","NY",2016,4.2557682403266
"445",36053,"madison county","NY",2000,8.69737162650964
"446",36053,"madison county","NY",2015,5.71286384900715
"447",36053,"madison county","NY",2014,5.82685808343134
"448",36053,"madison county","NY",2002,8.3279431652937
"449",36053,"madison county","NY",2010,5.99378525491108
"450",36053,"madison county","NY",2001,8.90862200233499
"451",36053,"madison county","NY",2008,6.99593840072754
"452",36053,"madison county","NY",2004,7.64695214599187
"453",36053,"madison county","NY",2006,6.94240106737195
"454",36053,"madison county","NY",2009,5.81955713344428
"455",36053,"madison county","NY",2007,7.34659450171846
"456",36053,"madison county","NY",2011,6.20050168387987
"457",36053,"madison county","NY",2013,5.74895786014484
"458",36053,"madison county","NY",2003,9.22777873261226
"459",36053,"madison county","NY",2005,8.03870476292956
"460",36053,"madison county","NY",2012,5.69539660237728
"461",36055,"monroe county","NY",2008,8.93677775616449
"462",36055,"monroe county","NY",2000,9.44829144463229
"463",36055,"monroe county","NY",2007,8.98007365901075
"464",36055,"monroe county","NY",2003,10.4325598114978
"465",36055,"monroe county","NY",2001,10.5373533575673
"466",36055,"monroe county","NY",2013,7.94209428436112
"467",36055,"monroe county","NY",2006,8.88758155552665
"468",36055,"monroe county","NY",2005,11.0939746526091
"469",36055,"monroe county","NY",2009,7.52020643526469
"470",36055,"monroe county","NY",2016,6.54561285841573
"471",36055,"monroe county","NY",2011,8.22030871807574
"472",36055,"monroe county","NY",2014,8.13563678547976
"473",36055,"monroe county","NY",2015,8.05778670790587
"474",36055,"monroe county","NY",2012,7.6252174472969
"475",36055,"monroe county","NY",2004,9.61488857511066
"476",36055,"monroe county","NY",2002,10.4548195331227
"477",36055,"monroe county","NY",2010,7.83508186117117
"478",36057,"montgomery county","NY",2008,8.1619998837499
"479",36057,"montgomery county","NY",2001,9.28656714620421
"480",36057,"montgomery county","NY",2002,9.59133892704618
"481",36057,"montgomery county","NY",2003,10.4277404418389
"482",36057,"montgomery county","NY",2007,8.8895120519917
"483",36057,"montgomery county","NY",2005,9.51150389852898
"484",36057,"montgomery county","NY",2012,6.46561776989695
"485",36057,"montgomery county","NY",2000,9.42413166572381
"486",36057,"montgomery county","NY",2006,8.03638209475972
"487",36057,"montgomery county","NY",2009,6.92070486943066
"488",36057,"montgomery county","NY",2016,4.73920023219374
"489",36057,"montgomery county","NY",2011,7.3788976257119
"490",36057,"montgomery county","NY",2014,6.63568004335339
"491",36057,"montgomery county","NY",2015,6.39192266157411
"492",36057,"montgomery county","NY",2004,9.17757198135935
"493",36057,"montgomery county","NY",2013,6.32710063785107
"494",36057,"montgomery county","NY",2010,6.89034739073456
"495",36059,"nassau county","NY",2003,13.0735682145923
"496",36059,"nassau county","NY",2016,7.55325223110014
"497",36059,"nassau county","NY",2009,10.0374517184967
"498",36059,"nassau county","NY",2007,12.1982393336678
"499",36059,"nassau county","NY",2002,13.1330186705247
"500",36059,"nassau county","NY",2012,8.62934345064853
"501",36059,"nassau county","NY",2015,8.44599168597022
"502",36059,"nassau county","NY",2013,8.57469565536236
"503",36059,"nassau county","NY",2004,12.2960188643457
"504",36059,"nassau county","NY",2006,11.9136537978341
"505",36059,"nassau county","NY",2001,14.2003725229016
"506",36059,"nassau county","NY",2014,8.36313580946026
"507",36059,"nassau county","NY",2010,9.53416300348754
"508",36059,"nassau county","NY",2005,13.4515002395895
"509",36059,"nassau county","NY",2000,14.437332361197
"510",36059,"nassau county","NY",2011,10.0930643290436
"511",36059,"nassau county","NY",2008,11.3394180357788
"512",36061,"new york county","NY",2010,10.755563236982
"513",36061,"new york county","NY",2012,11.0231442885478
"514",36061,"new york county","NY",2003,16.8399533502983
"515",36061,"new york county","NY",2009,11.0742528381567
"516",36061,"new york county","NY",2000,17.8060681766188
"517",36061,"new york county","NY",2014,10.2243972056865
"518",36061,"new york county","NY",2001,17.5697535608856
"519",36061,"new york county","NY",2002,16.3450817295999
"520",36061,"new york county","NY",2016,9.70848711196412
"521",36061,"new york county","NY",2004,14.7048368635155
"522",36061,"new york county","NY",2008,13.313390901719
"523",36061,"new york county","NY",2006,14.623414918037
"524",36061,"new york county","NY",2015,11.199668976263
"525",36061,"new york county","NY",2013,10.8193972149076
"526",36061,"new york county","NY",2007,15.2546153566498
"527",36061,"new york county","NY",2005,16.2762938626163
"528",36061,"new york county","NY",2011,12.0176714906174
"529",36063,"niagara county","NY",2014,7.96117291483095
"530",36063,"niagara county","NY",2006,8.79110835324632
"531",36063,"niagara county","NY",2001,10.531563404418
"532",36063,"niagara county","NY",2012,7.46212976671851
"533",36063,"niagara county","NY",2003,10.1490300494075
"534",36063,"niagara county","NY",2004,9.21587287099288
"535",36063,"niagara county","NY",2007,9.69613418300498
"536",36063,"niagara county","NY",2013,7.55882973476131
"537",36063,"niagara county","NY",2010,7.82852339480713
"538",36063,"niagara county","NY",2002,10.5235283201249
"539",36063,"niagara county","NY",2000,9.54233372685592
"540",36063,"niagara county","NY",2009,7.7805624393822
"541",36063,"niagara county","NY",2008,9.52116089175379
"542",36063,"niagara county","NY",2005,10.8526399575469
"543",36063,"niagara county","NY",2011,7.43194763581695
"544",36063,"niagara county","NY",2016,6.38066781887673
"545",36063,"niagara county","NY",2015,8.14743024260538
"546",36065,"oneida county","NY",2001,9.47072937569973
"547",36065,"oneida county","NY",2003,10.1021279599358
"548",36065,"oneida county","NY",2010,6.97021721250419
"549",36065,"oneida county","NY",2000,9.47446976494968
"550",36065,"oneida county","NY",2011,7.28158269181958
"551",36065,"oneida county","NY",2008,8.03646285740063
"552",36065,"oneida county","NY",2002,9.32339515690239
"553",36065,"oneida county","NY",2007,8.33935734452277
"554",36065,"oneida county","NY",2015,6.49882259362554
"555",36065,"oneida county","NY",2014,6.58625569089382
"556",36065,"oneida county","NY",2006,8.05013850358875
"557",36065,"oneida county","NY",2005,9.56361082818097
"558",36065,"oneida county","NY",2009,6.85916807608455
"559",36065,"oneida county","NY",2016,5.06024472857514
"560",36065,"oneida county","NY",2012,6.85673101901413
"561",36065,"oneida county","NY",2013,6.50418522112055
"562",36065,"oneida county","NY",2004,8.85830228607076
"563",36067,"onondaga county","NY",2008,8.62793984514229
"564",36067,"onondaga county","NY",2005,10.78459035443
"565",36067,"onondaga county","NY",2004,9.55244772555509
"566",36067,"onondaga county","NY",2002,10.4932014971235
"567",36067,"onondaga county","NY",2006,8.98260790045318
"568",36067,"onondaga county","NY",2000,10.0461421885156
"569",36067,"onondaga county","NY",2015,7.48408552458225
"570",36067,"onondaga county","NY",2016,5.87810617309211
"571",36067,"onondaga county","NY",2001,10.5707580940634
"572",36067,"onondaga county","NY",2012,7.61940479831821
"573",36067,"onondaga county","NY",2007,9.05237562424697
"574",36067,"onondaga county","NY",2014,7.28710286646402
"575",36067,"onondaga county","NY",2003,10.8465896821309
"576",36067,"onondaga county","NY",2010,7.74549229501782
"577",36067,"onondaga county","NY",2011,8.22802362660369
"578",36067,"onondaga county","NY",2009,7.49552055429484
"579",36067,"onondaga county","NY",2013,7.22222146973554
"580",36069,"ontario county","NY",2000,8.48229795650743
"581",36069,"ontario county","NY",2006,7.36288761969993
"582",36069,"ontario county","NY",2003,9.24713691482263
"583",36069,"ontario county","NY",2015,6.78918595930791
"584",36069,"ontario county","NY",2004,8.26013047510004
"585",36069,"ontario county","NY",2001,9.14604664051045
"586",36069,"ontario county","NY",2008,7.62220578471878
"587",36069,"ontario county","NY",2005,9.43965508062507
"588",36069,"ontario county","NY",2013,6.65807378214813
"589",36069,"ontario county","NY",2009,6.18454301269284
"590",36069,"ontario county","NY",2007,7.6608961411519
"591",36069,"ontario county","NY",2011,6.6976672683188
"592",36069,"ontario county","NY",2002,9.30045238068182
"593",36069,"ontario county","NY",2016,5.18834253126299
"594",36069,"ontario county","NY",2014,7.02188285029014
"595",36069,"ontario county","NY",2010,6.47947911923394
"596",36069,"ontario county","NY",2012,6.4127910887307
"597",36071,"orange county","NY",2009,8.09846444623463
"598",36071,"orange county","NY",2008,9.43312306383687
"599",36071,"orange county","NY",2012,6.92217194367467
"600",36071,"orange county","NY",2016,5.9633801239981
"601",36071,"orange county","NY",2004,10.6418580010965
"602",36071,"orange county","NY",2015,7.34454335819376
"603",36071,"orange county","NY",2014,7.20900030580472
"604",36071,"orange county","NY",2011,8.11649169560907
"605",36071,"orange county","NY",2006,9.88799977255642
"606",36071,"orange county","NY",2007,10.7167338771189
"607",36071,"orange county","NY",2001,13.4673422001002
"608",36071,"orange county","NY",2013,7.57526090722447
"609",36071,"orange county","NY",2010,7.47334596226141
"610",36071,"orange county","NY",2002,11.8033782914562
"611",36071,"orange county","NY",2003,12.5266657402014
"612",36071,"orange county","NY",2000,13.0725831835839
"613",36071,"orange county","NY",2005,11.5116693637464
"614",36073,"orleans county","NY",2007,8.3538023126163
"615",36073,"orleans county","NY",2011,6.91717105506104
"616",36073,"orleans county","NY",2009,6.68390831112922
"617",36073,"orleans county","NY",2012,6.68881387709754
"618",36073,"orleans county","NY",2006,7.94871913038996
"619",36073,"orleans county","NY",2015,7.45252317475463
"620",36073,"orleans county","NY",2016,5.65525695955878
"621",36073,"orleans county","NY",2014,7.47899403460186
"622",36073,"orleans county","NY",2010,6.85085511621921
"623",36073,"orleans county","NY",2005,10.2626584976996
"624",36073,"orleans county","NY",2002,9.94921230045746
"625",36073,"orleans county","NY",2001,9.64270502448933
"626",36073,"orleans county","NY",2013,7.20251461187154
"627",36073,"orleans county","NY",2008,8.13092399179524
"628",36073,"orleans county","NY",2003,9.50862611245219
"629",36073,"orleans county","NY",2000,8.75919277784165
"630",36073,"orleans county","NY",2004,8.36507207392837
"631",36075,"oswego county","NY",2008,7.34398680015881
"632",36075,"oswego county","NY",2002,8.62307616734193
"633",36075,"oswego county","NY",2014,6.23125539151276
"634",36075,"oswego county","NY",2007,7.55428268917173
"635",36075,"oswego county","NY",2016,4.82953113168897
"636",36075,"oswego county","NY",2006,7.0908159521078
"637",36075,"oswego county","NY",2001,8.89261768723727
"638",36075,"oswego county","NY",2005,9.0219575802645
"639",36075,"oswego county","NY",2012,6.46524533363909
"640",36075,"oswego county","NY",2009,6.12810298393672
"641",36075,"oswego county","NY",2000,8.19498004169671
"642",36075,"oswego county","NY",2004,7.96234867455321
"643",36075,"oswego county","NY",2011,6.53962118116458
"644",36075,"oswego county","NY",2015,6.14579752919209
"645",36075,"oswego county","NY",2013,5.92573175955707
"646",36075,"oswego county","NY",2010,6.53216951185681
"647",36075,"oswego county","NY",2003,9.12775866262382
"648",36077,"otsego county","NY",2011,5.92987450871976
"649",36077,"otsego county","NY",2012,5.48447718160237
"650",36077,"otsego county","NY",2013,5.82359098935111
"651",36077,"otsego county","NY",2006,7.0831522219199
"652",36077,"otsego county","NY",2015,5.50264221080419
"653",36077,"otsego county","NY",2001,8.9084276544752
"654",36077,"otsego county","NY",2002,8.15135813968125
"655",36077,"otsego county","NY",2000,9.32218225854397
"656",36077,"otsego county","NY",2010,5.82432760574161
"657",36077,"otsego county","NY",2014,5.73826909609745
"658",36077,"otsego county","NY",2007,7.71926371899069
"659",36077,"otsego county","NY",2008,7.049394698469
"660",36077,"otsego county","NY",2016,4.03476771908936
"661",36077,"otsego county","NY",2009,5.81599853610095
"662",36077,"otsego county","NY",2005,7.74215831084662
"663",36077,"otsego county","NY",2004,7.59512647330239
"664",36077,"otsego county","NY",2003,9.3675267034543
"665",36079,"putnam county","NY",2007,10.2126335277824
"666",36079,"putnam county","NY",2002,11.0816732397272
"667",36079,"putnam county","NY",2003,11.6398331829061
"668",36079,"putnam county","NY",2001,13.1482218398215
"669",36079,"putnam county","NY",2008,8.67366880779543
"670",36079,"putnam county","NY",2004,9.64656081238745
"671",36079,"putnam county","NY",2010,6.79440572884174
"672",36079,"putnam county","NY",2005,10.768539005743
"673",36079,"putnam county","NY",2013,7.2611689555901
"674",36079,"putnam county","NY",2016,5.41509125889051
"675",36079,"putnam county","NY",2014,6.55828384535059
"676",36079,"putnam county","NY",2000,12.6121082468277
"677",36079,"putnam county","NY",2009,7.34053220839758
"678",36079,"putnam county","NY",2012,6.42787640481026
"679",36079,"putnam county","NY",2006,9.1501409343122
"680",36079,"putnam county","NY",2011,7.41590542799288
"681",36079,"putnam county","NY",2015,6.77343776655587
"682",36081,"queens county","NY",2010,10.1138138454767
"683",36081,"queens county","NY",2012,9.30004703192693
"684",36081,"queens county","NY",2011,10.66758957497
"685",36081,"queens county","NY",2014,8.45221622578444
"686",36081,"queens county","NY",2013,8.84165669777796
"687",36081,"queens county","NY",2015,8.61341823466155
"688",36081,"queens county","NY",2008,11.9215105235383
"689",36081,"queens county","NY",2006,12.6730020728506
"690",36081,"queens county","NY",2016,7.60442668620831
"691",36081,"queens county","NY",2002,14.1871003222415
"692",36081,"queens county","NY",2009,10.4091701590349
"693",36081,"queens county","NY",2007,12.7156362051932
"694",36081,"queens county","NY",2003,14.0669792243699
"695",36081,"queens county","NY",2004,13.1620539057883
"696",36081,"queens county","NY",2001,14.7889457329848
"697",36081,"queens county","NY",2005,14.5191371801366
"698",36081,"queens county","NY",2000,15.2724923897644
"699",36083,"rensselaer county","NY",2014,6.11087100437352
"700",36083,"rensselaer county","NY",2010,6.10612328611926
"701",36083,"rensselaer county","NY",2011,7.09181075740117
"702",36083,"rensselaer county","NY",2012,5.98337643399086
"703",36083,"rensselaer county","NY",2007,8.44154127617804
"704",36083,"rensselaer county","NY",2013,5.92726078394864
"705",36083,"rensselaer county","NY",2005,8.78532592466088
"706",36083,"rensselaer county","NY",2009,6.45861158382459
"707",36083,"rensselaer county","NY",2006,7.50209585785275
"708",36083,"rensselaer county","NY",2016,4.45406276091693
"709",36083,"rensselaer county","NY",2000,9.09040518783445
"710",36083,"rensselaer county","NY",2015,5.98373464122112
"711",36083,"rensselaer county","NY",2004,8.36688229332625
"712",36083,"rensselaer county","NY",2008,7.63950654601191
"713",36083,"rensselaer county","NY",2002,9.13795874071994
"714",36083,"rensselaer county","NY",2003,9.33711212293324
"715",36083,"rensselaer county","NY",2001,9.20870422747259
"716",36085,"richmond county","NY",2006,12.7647485223598
"717",36085,"richmond county","NY",2005,14.7216513002706
"718",36085,"richmond county","NY",2008,11.7660995080978
"719",36085,"richmond county","NY",2013,8.64376841897056
"720",36085,"richmond county","NY",2016,8.29797756515122
"721",36085,"richmond county","NY",2009,10.1270688077299
"722",36085,"richmond county","NY",2004,12.999477740231
"723",36085,"richmond county","NY",2000,15.9753329498957
"724",36085,"richmond county","NY",2012,9.33967052859848
"725",36085,"richmond county","NY",2001,15.1559753477991
"726",36085,"richmond county","NY",2007,12.7169253041224
"727",36085,"richmond county","NY",2010,9.57271138365243
"728",36085,"richmond county","NY",2003,14.6192508902259
"729",36085,"richmond county","NY",2015,8.91871453258726
"730",36085,"richmond county","NY",2002,14.203430046238
"731",36085,"richmond county","NY",2011,10.3149793631206
"732",36085,"richmond county","NY",2014,8.7890419289098
"733",36087,"rockland county","NY",2000,14.4635030306058
"734",36087,"rockland county","NY",2008,10.7754171849829
"735",36087,"rockland county","NY",2016,6.89334246227862
"736",36087,"rockland county","NY",2015,8.08961647269658
"737",36087,"rockland county","NY",2009,9.40815863771811
"738",36087,"rockland county","NY",2005,13.182872826817
"739",36087,"rockland county","NY",2007,12.1688933132823
"740",36087,"rockland county","NY",2010,8.36769667813226
"741",36087,"rockland county","NY",2014,7.67247650159004
"742",36087,"rockland county","NY",2012,7.73352340661133
"743",36087,"rockland county","NY",2001,14.7341320976998
"744",36087,"rockland county","NY",2003,13.3254652657268
"745",36087,"rockland county","NY",2011,9.25060929873493
"746",36087,"rockland county","NY",2013,8.18361159073976
"747",36087,"rockland county","NY",2002,13.1600474863155
"748",36087,"rockland county","NY",2006,11.4349923219057
"749",36087,"rockland county","NY",2004,11.6906285957118
"750",36089,"st. lawrence county","NY",2011,5.88032226529948
"751",36089,"st. lawrence county","NY",2012,5.51699562987156
"752",36089,"st. lawrence county","NY",2005,8.14918403175924
"753",36089,"st. lawrence county","NY",2009,5.77156410552456
"754",36089,"st. lawrence county","NY",2014,5.52326650656337
"755",36089,"st. lawrence county","NY",2015,5.31924406272486
"756",36089,"st. lawrence county","NY",2010,5.71850726143778
"757",36089,"st. lawrence county","NY",2008,6.5520650657191
"758",36089,"st. lawrence county","NY",2003,8.01038902025543
"759",36089,"st. lawrence county","NY",2007,6.33529214529219
"760",36089,"st. lawrence county","NY",2013,5.48151092670212
"761",36089,"st. lawrence county","NY",2006,6.32485023944594
"762",36089,"st. lawrence county","NY",2001,6.83500490548076
"763",36089,"st. lawrence county","NY",2000,6.02899632564612
"764",36089,"st. lawrence county","NY",2004,6.60364651713345
"765",36089,"st. lawrence county","NY",2016,4.34369682903936
"766",36089,"st. lawrence county","NY",2002,7.2178708530173
"767",36091,"saratoga county","NY",2005,9.14005159396989
"768",36091,"saratoga county","NY",2006,7.54019555980865
"769",36091,"saratoga county","NY",2014,6.18828742523307
"770",36091,"saratoga county","NY",2003,9.73931742368254
"771",36091,"saratoga county","NY",2004,8.74055318636505
"772",36091,"saratoga county","NY",2013,6.06404212368211
"773",36091,"saratoga county","NY",2007,8.63169902691097
"774",36091,"saratoga county","NY",2008,7.72841291538926
"775",36091,"saratoga county","NY",2012,6.12857030825043
"776",36091,"saratoga county","NY",2009,6.6181952514456
"777",36091,"saratoga county","NY",2016,4.52704697880495
"778",36091,"saratoga county","NY",2002,9.34176232523096
"779",36091,"saratoga county","NY",2015,6.1120609606236
"780",36091,"saratoga county","NY",2001,8.7297045899349
"781",36091,"saratoga county","NY",2010,6.36967252327765
"782",36091,"saratoga county","NY",2000,8.78460965104616
"783",36091,"saratoga county","NY",2011,7.35240072415333
"784",36093,"schenectady county","NY",2009,7.87691719266233
"785",36093,"schenectady county","NY",2006,8.99548074658595
"786",36093,"schenectady county","NY",2010,7.61998326285807
"787",36093,"schenectady county","NY",2005,10.7532805865828
"788",36093,"schenectady county","NY",2004,10.0872070062308
"789",36093,"schenectady county","NY",2012,7.43026430047595
"790",36093,"schenectady county","NY",2007,9.64510019239502
"791",36093,"schenectady county","NY",2011,8.55744823056892
"792",36093,"schenectady county","NY",2013,7.22497906703879
"793",36093,"schenectady county","NY",2002,10.5412125934563
"794",36093,"schenectady county","NY",2016,5.54856644412141
"795",36093,"schenectady county","NY",2008,8.93413789490897
"796",36093,"schenectady county","NY",2015,7.13427177907685
"797",36093,"schenectady county","NY",2003,11.0969430878599
"798",36093,"schenectady county","NY",2000,10.4747195022708
"799",36093,"schenectady county","NY",2014,7.21569864141318
"800",36093,"schenectady county","NY",2001,10.566953750959
"801",36095,"schoharie county","NY",2001,8.75523120058616
"802",36095,"schoharie county","NY",2014,5.68252485089985
"803",36095,"schoharie county","NY",2002,8.23493279013885
"804",36095,"schoharie county","NY",2004,7.43424372079023
"805",36095,"schoharie county","NY",2013,5.57908694389426
"806",36095,"schoharie county","NY",2000,8.9984011776413
"807",36095,"schoharie county","NY",2010,5.71996785355389
"808",36095,"schoharie county","NY",2003,8.96744795843329
"809",36095,"schoharie county","NY",2012,5.38085701652044
"810",36095,"schoharie county","NY",2005,7.7670683767421
"811",36095,"schoharie county","NY",2009,5.77328866966913
"812",36095,"schoharie county","NY",2011,5.82632620608754
"813",36095,"schoharie county","NY",2007,7.64054237768715
"814",36095,"schoharie county","NY",2016,3.78386309312363
"815",36095,"schoharie county","NY",2008,6.82229735795093
"816",36095,"schoharie county","NY",2006,6.60446119040002
"817",36095,"schoharie county","NY",2015,5.32556862724134
"818",36097,"schuyler county","NY",2006,7.45463285947202
"819",36097,"schuyler county","NY",2015,6.57005669688712
"820",36097,"schuyler county","NY",2009,6.17801831783471
"821",36097,"schuyler county","NY",2005,8.78554866404903
"822",36097,"schuyler county","NY",2016,5.00239238774698
"823",36097,"schuyler county","NY",2001,9.24465866599725
"824",36097,"schuyler county","NY",2013,6.71620819577302
"825",36097,"schuyler county","NY",2002,9.20229209664942
"826",36097,"schuyler county","NY",2000,9.26283447134829
"827",36097,"schuyler county","NY",2014,6.66171495664828
"828",36097,"schuyler county","NY",2012,6.26788849002099
"829",36097,"schuyler county","NY",2011,6.55866156382426
"830",36097,"schuyler county","NY",2007,7.95702717784886
"831",36097,"schuyler county","NY",2008,7.79062776166335
"832",36097,"schuyler county","NY",2004,8.23926179360376
"833",36097,"schuyler county","NY",2003,9.22673072241794
"834",36097,"schuyler county","NY",2010,6.40676327945702
"835",36099,"seneca county","NY",2008,8.11271767585421
"836",36099,"seneca county","NY",2002,9.44573086331924
"837",36099,"seneca county","NY",2007,8.42142479200632
"838",36099,"seneca county","NY",2001,9.92190849831395
"839",36099,"seneca county","NY",2012,7.12934977334716
"840",36099,"seneca county","NY",2006,8.05643613853388
"841",36099,"seneca county","NY",2011,7.50163205928021
"842",36099,"seneca county","NY",2009,6.92536292130469
"843",36099,"seneca county","NY",2010,7.07684536414279
"844",36099,"seneca county","NY",2000,9.19336536635742
"845",36099,"seneca county","NY",2005,10.0924638432886
"846",36099,"seneca county","NY",2003,9.98801700258414
"847",36099,"seneca county","NY",2013,7.15863284948745
"848",36099,"seneca county","NY",2014,7.59247345233654
"849",36099,"seneca county","NY",2004,9.03760765374516
"850",36099,"seneca county","NY",2016,5.70943218288135
"851",36099,"seneca county","NY",2015,7.09278227502043
"852",36101,"steuben county","NY",2002,8.97352292673353
"853",36101,"steuben county","NY",2013,6.47595147078119
"854",36101,"steuben county","NY",2014,6.34062922552197
"855",36101,"steuben county","NY",2005,8.83926590707159
"856",36101,"steuben county","NY",2015,6.01987695254416
"857",36101,"steuben county","NY",2012,5.9373515610878
"858",36101,"steuben county","NY",2003,8.98698159444316
"859",36101,"steuben county","NY",2016,4.8746873565604
"860",36101,"steuben county","NY",2004,7.82246813239521
"861",36101,"steuben county","NY",2001,8.68495719480309
"862",36101,"steuben county","NY",2011,6.2569167375758
"863",36101,"steuben county","NY",2006,7.17848559115735
"864",36101,"steuben county","NY",2000,8.81792804145637
"865",36101,"steuben county","NY",2009,5.94733275583562
"866",36101,"steuben county","NY",2008,7.49445401645355
"867",36101,"steuben county","NY",2007,7.74778041366786
"868",36101,"steuben county","NY",2010,6.03565763600442
"869",36103,"suffolk county","NY",2008,10.7951750922533
"870",36103,"suffolk county","NY",2013,8.35366865389718
"871",36103,"suffolk county","NY",2007,11.7373566162025
"872",36103,"suffolk county","NY",2012,8.01706934127117
"873",36103,"suffolk county","NY",2005,12.548841927304
"874",36103,"suffolk county","NY",2004,11.7381003686429
"875",36103,"suffolk county","NY",2011,9.12063932750958
"876",36103,"suffolk county","NY",2006,10.9716292093001
"877",36103,"suffolk county","NY",2015,8.58716636011801
"878",36103,"suffolk county","NY",2001,13.6814714272394
"879",36103,"suffolk county","NY",2014,8.3204896187558
"880",36103,"suffolk county","NY",2010,9.1066327896075
"881",36103,"suffolk county","NY",2003,12.4361919277461
"882",36103,"suffolk county","NY",2002,12.5499860116352
"883",36103,"suffolk county","NY",2009,9.20180387878338
"884",36103,"suffolk county","NY",2016,7.92777995120942
"885",36103,"suffolk county","NY",2000,13.7497453952554
"886",36105,"sullivan county","NY",2008,7.72834607481396
"887",36105,"sullivan county","NY",2014,6.19771747048742
"888",36105,"sullivan county","NY",2006,8.00532589690171
"889",36105,"sullivan county","NY",2001,11.0625167788157
"890",36105,"sullivan county","NY",2000,10.4999059257303
"891",36105,"sullivan county","NY",2012,6.13790573187769
"892",36105,"sullivan county","NY",2007,8.69595538911408
"893",36105,"sullivan county","NY",2013,6.79823336524417
"894",36105,"sullivan county","NY",2011,6.66180786065483
"895",36105,"sullivan county","NY",2004,8.71371833359689
"896",36105,"sullivan county","NY",2015,6.05970802179769
"897",36105,"sullivan county","NY",2010,6.43729868257322
"898",36105,"sullivan county","NY",2005,9.25377297289023
"899",36105,"sullivan county","NY",2003,10.1731415506479
"900",36105,"sullivan county","NY",2009,6.81988619468725
"901",36105,"sullivan county","NY",2016,4.75928560848735
"902",36105,"sullivan county","NY",2002,9.14828364552761
"903",36107,"tioga county","NY",2006,8.2575145412714
"904",36107,"tioga county","NY",2010,6.77385564889117
"905",36107,"tioga county","NY",2005,9.55689221538538
"906",36107,"tioga county","NY",2009,6.95907643226393
"907",36107,"tioga county","NY",2016,5.61299304463765
"908",36107,"tioga county","NY",2011,7.01374046710719
"909",36107,"tioga county","NY",2013,7.22813486631415
"910",36107,"tioga county","NY",2008,7.96533592044594
"911",36107,"tioga county","NY",2014,6.74508787920821
"912",36107,"tioga county","NY",2004,8.71573304161373
"913",36107,"tioga county","NY",2001,9.98069394894757
"914",36107,"tioga county","NY",2012,6.73113081432219
"915",36107,"tioga county","NY",2007,8.6597455161674
"916",36107,"tioga county","NY",2015,7.2508531981986
"917",36107,"tioga county","NY",2003,10.2674098639128
"918",36107,"tioga county","NY",2000,10.1852735737389
"919",36107,"tioga county","NY",2002,9.65689238164951
"920",36109,"tompkins county","NY",2005,9.31816101954775
"921",36109,"tompkins county","NY",2006,7.92397879905976
"922",36109,"tompkins county","NY",2007,8.25419519202536
"923",36109,"tompkins county","NY",2008,8.10293490524623
"924",36109,"tompkins county","NY",2004,8.44262555607672
"925",36109,"tompkins county","NY",2003,9.9350122689593
"926",36109,"tompkins county","NY",2013,6.81600638355799
"927",36109,"tompkins county","NY",2014,6.78830473709583
"928",36109,"tompkins county","NY",2010,6.67440234522802
"929",36109,"tompkins county","NY",2011,6.95200696351694
"930",36109,"tompkins county","NY",2015,6.81191302227687
"931",36109,"tompkins county","NY",2001,9.55142944717458
"932",36109,"tompkins county","NY",2002,9.31988935855249
"933",36109,"tompkins county","NY",2009,6.54929734882308
"934",36109,"tompkins county","NY",2012,6.51814419577594
"935",36109,"tompkins county","NY",2000,9.42838835781477
"936",36109,"tompkins county","NY",2016,5.18413773808716
"937",36111,"ulster county","NY",2001,12.0641241034897
"938",36111,"ulster county","NY",2012,6.41395543504673
"939",36111,"ulster county","NY",2000,11.7922624253265
"940",36111,"ulster county","NY",2002,10.736540146958
"941",36111,"ulster county","NY",2009,7.39708983478829
"942",36111,"ulster county","NY",2005,10.5102663446654
"943",36111,"ulster county","NY",2014,6.72910100937455
"944",36111,"ulster county","NY",2008,8.50147540107863
"945",36111,"ulster county","NY",2007,9.60869545425476
"946",36111,"ulster county","NY",2003,11.5835642720243
"947",36111,"ulster county","NY",2013,7.1847014874379
"948",36111,"ulster county","NY",2006,8.81266044302972
"949",36111,"ulster county","NY",2011,7.41538126997331
"950",36111,"ulster county","NY",2004,9.72634031732564
"951",36111,"ulster county","NY",2010,7.07224754479039
"952",36111,"ulster county","NY",2015,6.73983941617969
"953",36111,"ulster county","NY",2016,5.15880539203259
"954",36113,"warren county","NY",2013,5.13830950156939
"955",36113,"warren county","NY",2002,8.49343916383578
"956",36113,"warren county","NY",2000,6.96029210148711
"957",36113,"warren county","NY",2005,7.68002940008496
"958",36113,"warren county","NY",2016,3.79973118318669
"959",36113,"warren county","NY",2001,6.91242535219775
"960",36113,"warren county","NY",2004,7.11449007282961
"961",36113,"warren county","NY",2015,5.08317566440119
"962",36113,"warren county","NY",2008,6.36241701368347
"963",36113,"warren county","NY",2009,5.68207481435193
"964",36113,"warren county","NY",2003,8.15331707068778
"965",36113,"warren county","NY",2007,6.96145280003783
"966",36113,"warren county","NY",2012,5.2272961764708
"967",36113,"warren county","NY",2010,5.51313336725715
"968",36113,"warren county","NY",2011,6.10875131126993
"969",36113,"warren county","NY",2014,5.00753737960115
"970",36113,"warren county","NY",2006,6.16647556499062
"971",36115,"washington county","NY",2003,9.19396691271529
"972",36115,"washington county","NY",2002,8.68412746719518
"973",36115,"washington county","NY",2001,7.86548778116514
"974",36115,"washington county","NY",2007,8.08937616105776
"975",36115,"washington county","NY",2005,8.48784908643289
"976",36115,"washington county","NY",2006,6.93763130770371
"977",36115,"washington county","NY",2013,5.76541846653334
"978",36115,"washington county","NY",2011,6.998575343435
"979",36115,"washington county","NY",2012,5.78604734220922
"980",36115,"washington county","NY",2000,7.93469388988949
"981",36115,"washington county","NY",2014,5.82846381383306
"982",36115,"washington county","NY",2015,5.73263531313754
"983",36115,"washington county","NY",2016,4.21890224997262
"984",36115,"washington county","NY",2004,8.06094297695506
"985",36115,"washington county","NY",2008,7.12331679449176
"986",36115,"washington county","NY",2009,6.24468221541424
"987",36115,"washington county","NY",2010,6.02031700766959
"988",36117,"wayne county","NY",2016,5.55428884786488
"989",36117,"wayne county","NY",2008,7.87862870407989
"990",36117,"wayne county","NY",2001,9.48769575291716
"991",36117,"wayne county","NY",2006,7.70807681591646
"992",36117,"wayne county","NY",2005,9.99665326150356
"993",36117,"wayne county","NY",2000,8.59202818946454
"994",36117,"wayne county","NY",2011,7.2304494697236
"995",36117,"wayne county","NY",2002,9.57189270577894
"996",36117,"wayne county","NY",2003,9.60142753399344
"997",36117,"wayne county","NY",2004,8.34679691602736
"998",36117,"wayne county","NY",2015,7.17437478681693
"999",36117,"wayne county","NY",2012,6.96202631502718
"1000",36117,"wayne county","NY",2009,6.6079231275944
"1001",36117,"wayne county","NY",2007,7.87902052789188
"1002",36117,"wayne county","NY",2013,6.81810407583491
"1003",36117,"wayne county","NY",2010,6.97684246440532
"1004",36117,"wayne county","NY",2014,7.16817981503722
"1005",36119,"westchester county","NY",2015,8.1969993873089
"1006",36119,"westchester county","NY",2000,14.0858185546944
"1007",36119,"westchester county","NY",2014,7.65548564806349
"1008",36119,"westchester county","NY",2004,11.6132758941018
"1009",36119,"westchester county","NY",2016,6.73198412574691
"1010",36119,"westchester county","NY",2003,12.9396628833416
"1011",36119,"westchester county","NY",2013,8.05632485173329
"1012",36119,"westchester county","NY",2008,10.4563270960614
"1013",36119,"westchester county","NY",2001,14.3112741962507
"1014",36119,"westchester county","NY",2002,12.8995999990855
"1015",36119,"westchester county","NY",2007,11.7732495631564
"1016",36119,"westchester county","NY",2012,7.77758926901459
"1017",36119,"westchester county","NY",2005,12.864090108233
"1018",36119,"westchester county","NY",2006,11.1059663590357
"1019",36119,"westchester county","NY",2011,9.32657911872341
"1020",36119,"westchester county","NY",2009,9.16826105713676
"1021",36119,"westchester county","NY",2010,8.39889348347878
"1022",36121,"wyoming county","NY",2014,6.20677952257694
"1023",36121,"wyoming county","NY",2004,7.172634685067
"1024",36121,"wyoming county","NY",2005,8.67023454067041
"1025",36121,"wyoming county","NY",2000,8.42991833060667
"1026",36121,"wyoming county","NY",2001,8.27266125992791
"1027",36121,"wyoming county","NY",2002,9.265458439571
"1028",36121,"wyoming county","NY",2003,8.33468577104445
"1029",36121,"wyoming county","NY",2016,4.35454051073468
"1030",36121,"wyoming county","NY",2006,6.66062676203385
"1031",36121,"wyoming county","NY",2007,7.37497234962809
"1032",36121,"wyoming county","NY",2008,7.17377336208767
"1033",36121,"wyoming county","NY",2009,5.57039983521059
"1034",36121,"wyoming county","NY",2010,5.70045900565492
"1035",36121,"wyoming county","NY",2011,5.7077475971267
"1036",36121,"wyoming county","NY",2012,5.09668525029023
"1037",36121,"wyoming county","NY",2013,6.04065849644917
"1038",36121,"wyoming county","NY",2015,5.65476375419936
"1039",36123,"yates county","NY",2014,7.01365469458003
"1040",36123,"yates county","NY",2015,6.71567404620627
"1041",36123,"yates county","NY",2016,5.20806509779936
"1042",36123,"yates county","NY",2005,9.32687615427313
"1043",36123,"yates county","NY",2006,7.46798127679782
"1044",36123,"yates county","NY",2007,7.92078004821941
"1045",36123,"yates county","NY",2008,7.72023357127761
"1046",36123,"yates county","NY",2009,6.34154885912325
"1047",36123,"yates county","NY",2010,6.5488543159288
"1048",36123,"yates county","NY",2011,6.8923604738869
"1049",36123,"yates county","NY",2012,6.4983957259318
"1050",36123,"yates county","NY",2013,6.8302515271046
"1051",36123,"yates county","NY",2000,8.91181201717764
"1052",36123,"yates county","NY",2001,9.26500681891118
"1053",36123,"yates county","NY",2002,9.03976624201084
"1054",36123,"yates county","NY",2003,9.41306048020132
"1055",36123,"yates county","NY",2004,8.28270210819578
